region1,region2,region3,region4,region5,region6,region7,region8,region9,region10,region11,region12,region13,region14,region15,region16,region17,region18,region19,region20,region21,region22,region23,region24,region25,region26,region27,region28,region29,region30,region31,region32,region33,region34,region35,region36,region37,region38,region39,region40,region41,region42,region43,region44,region45,region46,region47,region48,region49,region50,region51,region52,region53,region54,region55,region56,region57,region58,region59,region60,region61,region62,region63,region64,region65,region66,region67,region68,region69,region70,region71,region72,region73,region74,region75,region76,region77,region78,region79,region80,region81,region82,region83,region84,region85,region86,region87,region88,region89,region90,region91,region92,region93,region94,region95,region96,region97,region98,region99,region100
66.6961,41.902,49.248400000000004,5.17,5.17,45.5752,41.902,32.719,39.1471,63.9412,64.8595,96.0817,52.0033,43.738600000000005,56.5948,48.3301,41.902,41.902,45.5752,45.5752,46.493500000000004,97.0,49.248400000000004,48.3301,97.0,97.0,97.0,41.902,43.738600000000005,97.0,89.6536,97.0,68.5327,47.4118,97.0,41.902,97.0,97.0,60.268,51.085,42.8203,97.0,97.0,97.0,97.0,97.0,72.2059,97.0,44.6569,44.6569,67.6144,46.493500000000004,46.493500000000004,5.17,41.902,43.738600000000005,38.2288,36.3922,63.0229,97.0,97.0,52.921600000000005,46.493500000000004,47.4118,43.738600000000005,57.5131,46.493500000000004,50.1667,47.4118,42.8203,48.3301,81.3889,57.5131,50.1667,50.1667,97.0,45.5752,59.3497,97.0,97.0,45.5752,43.738600000000005,97.0,97.0,84.1438,75.87910000000001,97.0,46.493500000000004,42.8203,47.4118,58.431400000000004,97.0,54.7582,97.0,97.0,97.0,97.0,97.0,44.6569,44.6569
