region1,region2,region3,region4,region5,region6,region7,region8,region9,region10,region11,region12,region13,region14,region15,region16,region17,region18,region19,region20,region21,region22,region23,region24,region25,region26,region27,region28,region29,region30,region31,region32,region33,region34,region35,region36,region37,region38,region39,region40,region41,region42,region43,region44,region45,region46,region47,region48,region49,region50,region51,region52,region53,region54,region55,region56,region57,region58,region59,region60,region61,region62,region63,region64,region65,region66,region67,region68,region69,region70,region71,region72,region73,region74,region75,region76,region77,region78,region79,region80,region81,region82,region83,region84,region85,region86,region87,region88,region89,region90,region91,region92,region93,region94,region95,region96,region97,region98,region99,region100
76.7974,47.4118,52.0033,5.17,5.17,48.3301,65.7778,44.6569,43.738600000000005,74.9608,76.7974,81.3889,74.0425,71.2876,97.0,65.7778,69.45100000000001,42.8203,42.8203,97.0,97.0,96.0817,82.30720000000001,69.45100000000001,86.8987,97.0,97.0,75.87910000000001,97.0,97.0,84.1438,97.0,74.0425,48.3301,97.0,97.0,97.0,78.634,73.1242,67.6144,46.493500000000004,97.0,97.0,83.2255,97.0,5.17,97.0,5.17,97.0,97.0,97.0,48.3301,64.8595,5.17,48.3301,46.493500000000004,42.8203,40.9837,97.0,85.0621,97.0,75.87910000000001,72.2059,97.0,97.0,97.0,48.3301,97.0,97.0,97.0,97.0,83.2255,86.8987,97.0,97.0,97.0,97.0,97.0,97.0,97.0,97.0,97.0,97.0,97.0,79.5523,75.87910000000001,97.0,74.0425,97.0,97.0,83.2255,97.0,97.0,97.0,97.0,93.3268,5.17,72.2059,97.0,97.0
