region1,region2,region3,region4,region5,region6,region7,region8,region9,region10,region11,region12,region13,region14,region15,region16,region17,region18,region19,region20,region21,region22,region23,region24,region25,region26,region27,region28,region29,region30,region31,region32,region33,region34,region35,region36,region37,region38,region39,region40,region41,region42,region43,region44,region45,region46,region47,region48,region49,region50,region51,region52,region53,region54,region55,region56,region57,region58,region59,region60,region61,region62,region63,region64,region65,region66,region67,region68,region69,region70,region71,region72,region73,region74,region75,region76,region77,region78,region79,region80,region81,region82,region83,region84,region85,region86,region87,region88,region89,region90,region91,region92,region93,region94,region95,region96,region97,region98,region99,region100
63.0229,5.17,49.248400000000004,97.0,5.17,46.493500000000004,5.17,5.17,32.719,97.0,53.8399,97.0,48.3301,5.17,48.3301,97.0,11.598099999999999,40.065400000000004,44.6569,46.493500000000004,45.5752,97.0,43.738600000000005,49.248400000000004,97.0,97.0,97.0,48.3301,43.738600000000005,96.0817,82.30720000000001,97.0,97.0,50.1667,97.0,42.8203,97.0,97.0,83.2255,97.0,35.4739,97.0,97.0,70.3693,85.9804,97.0,62.104600000000005,97.0,45.5752,44.6569,63.9412,46.493500000000004,5.17,5.17,39.1471,44.6569,5.17,5.17,87.81700000000001,97.0,97.0,62.104600000000005,54.7582,46.493500000000004,43.738600000000005,50.1667,43.738600000000005,58.431400000000004,49.248400000000004,43.738600000000005,47.4118,97.0,55.676500000000004,50.1667,53.8399,97.0,44.6569,49.248400000000004,84.1438,97.0,47.4118,42.8203,97.0,97.0,97.0,74.0425,97.0,42.8203,43.738600000000005,48.3301,67.6144,97.0,56.5948,96.0817,97.0,97.0,97.0,97.0,44.6569,45.5752
