region1,region2,region3,region4,region5,region6,region7,region8,region9,region10,region11,region12,region13,region14,region15,region16,region17,region18,region19,region20,region21,region22,region23,region24,region25,region26,region27,region28,region29,region30,region31,region32,region33,region34,region35,region36,region37,region38,region39,region40,region41,region42,region43,region44,region45,region46,region47,region48,region49,region50,region51,region52,region53,region54,region55,region56,region57,region58,region59,region60,region61,region62,region63,region64,region65,region66,region67,region68,region69,region70,region71,region72,region73,region74,region75,region76,region77,region78,region79,region80,region81,region82,region83,region84,region85,region86,region87,region88,region89,region90,region91,region92,region93,region94,region95,region96,region97,region98,region99,region100
41.902,60.268,44.6569,64.8595,64.8595,56.5948,5.17,62.104600000000005,63.9412,5.17,22.6177,5.17,15.2713,24.454300000000003,30.882399999999997,5.17,17.1079,21.699399999999997,25.3726,29.0458,29.0458,5.17,25.3726,13.4347,5.17,5.17,60.268,56.5948,35.4739,27.209200000000003,60.268,5.17,5.17,29.0458,5.17,63.9412,36.3922,5.17,5.17,11.598099999999999,17.1079,5.17,5.17,5.17,5.17,59.3497,60.268,60.268,53.8399,36.3922,43.738600000000005,51.085,5.17,63.9412,60.268,55.676500000000004,61.1863,62.104600000000005,5.17,10.6798,5.17,10.6798,17.1079,22.6177,23.536,29.964100000000002,5.17,18.944499999999998,27.209200000000003,29.964100000000002,31.8007,5.17,22.6177,5.17,5.17,5.17,35.4739,24.454300000000003,5.17,5.17,13.4347,29.0458,5.17,5.17,5.17,5.17,37.310500000000005,58.431400000000004,29.964100000000002,7.9249,5.17,5.17,5.17,5.17,5.17,5.17,58.431400000000004,59.3497,54.7582,40.9837
