region1,region2,region3,region4,region5,region6,region7,region8,region9,region10,region11,region12,region13,region14,region15,region16,region17,region18,region19,region20,region21,region22,region23,region24,region25,region26,region27,region28,region29,region30,region31,region32,region33,region34,region35,region36,region37,region38,region39,region40,region41,region42,region43,region44,region45,region46,region47,region48,region49,region50,region51,region52,region53,region54,region55,region56,region57,region58,region59,region60,region61,region62,region63,region64,region65,region66,region67,region68,region69,region70,region71,region72,region73,region74,region75,region76,region77,region78,region79,region80,region81,region82,region83,region84,region85,region86,region87,region88,region89,region90,region91,region92,region93,region94,region95,region96,region97,region98,region99,region100
74.0425,46.493500000000004,58.431400000000004,40.9837,37.310500000000005,51.085,66.6961,45.5752,43.738600000000005,72.2059,75.87910000000001,76.7974,73.1242,40.9837,97.0,67.6144,40.065400000000004,40.9837,39.1471,97.0,97.0,81.3889,97.0,68.5327,80.4706,83.2255,97.0,76.7974,97.0,97.0,77.7157,81.3889,72.2059,64.8595,89.6536,43.738600000000005,97.0,74.9608,71.2876,68.5327,58.431400000000004,80.4706,96.0817,76.7974,90.5719,79.5523,80.4706,75.87910000000001,47.4118,44.6569,74.9608,55.676500000000004,70.3693,34.5556,47.4118,49.248400000000004,55.676500000000004,41.902,74.9608,79.5523,92.4085,74.0425,68.5327,65.7778,42.8203,97.0,68.5327,97.0,43.738600000000005,41.902,97.0,77.7157,88.7353,71.2876,72.2059,90.5719,97.0,97.0,79.5523,88.7353,42.8203,42.8203,89.6536,80.4706,75.87910000000001,74.9608,97.0,76.7974,42.8203,64.8595,72.2059,91.4902,71.2876,86.8987,93.3268,77.7157,79.5523,73.1242,45.5752,44.6569
