region1,region2,region3,region4,region5,region6,region7,region8,region9,region10,region11,region12,region13,region14,region15,region16,region17,region18,region19,region20,region21,region22,region23,region24,region25,region26,region27,region28,region29,region30,region31,region32,region33,region34,region35,region36,region37,region38,region39,region40,region41,region42,region43,region44,region45,region46,region47,region48,region49,region50,region51,region52,region53,region54,region55,region56,region57,region58,region59,region60,region61,region62,region63,region64,region65,region66,region67,region68,region69,region70,region71,region72,region73,region74,region75,region76,region77,region78,region79,region80,region81,region82,region83,region84,region85,region86,region87,region88,region89,region90,region91,region92,region93,region94,region95,region96,region97,region98,region99,region100
33.6373,35.4739,34.5556,37.310500000000005,36.3922,35.4739,33.6373,35.4739,36.3922,30.882399999999997,31.8007,29.964100000000002,30.882399999999997,32.719,33.6373,33.6373,30.882399999999997,34.5556,32.719,34.5556,33.6373,30.882399999999997,32.719,31.8007,30.882399999999997,31.8007,31.8007,32.719,34.5556,32.719,31.8007,31.8007,31.8007,33.6373,30.882399999999997,36.3922,34.5556,30.882399999999997,30.882399999999997,32.719,33.6373,31.8007,30.882399999999997,31.8007,31.8007,32.719,31.8007,32.719,35.4739,35.4739,33.6373,35.4739,34.5556,36.3922,36.3922,35.4739,35.4739,36.3922,30.882399999999997,30.882399999999997,29.0458,29.0458,29.964100000000002,31.8007,32.719,33.6373,34.5556,31.8007,33.6373,34.5556,34.5556,29.964100000000002,31.8007,33.6373,31.8007,30.882399999999997,34.5556,31.8007,31.8007,31.8007,32.719,33.6373,30.882399999999997,29.964100000000002,30.882399999999997,30.882399999999997,34.5556,32.719,35.4739,34.5556,30.882399999999997,29.964100000000002,31.8007,30.882399999999997,30.882399999999997,31.8007,32.719,31.8007,35.4739,35.4739
