region1,region2,region3,region4,region5,region6,region7,region8,region9,region10,region11,region12,region13,region14,region15,region16,region17,region18,region19,region20,region21,region22,region23,region24,region25,region26,region27,region28,region29,region30,region31,region32,region33,region34,region35,region36,region37,region38,region39,region40,region41,region42,region43,region44,region45,region46,region47,region48,region49,region50,region51,region52,region53,region54,region55,region56,region57,region58,region59,region60,region61,region62,region63,region64,region65,region66,region67,region68,region69,region70,region71,region72,region73,region74,region75,region76,region77,region78,region79,region80,region81,region82,region83,region84,region85,region86,region87,region88,region89,region90,region91,region92,region93,region94,region95,region96,region97,region98,region99,region100
64.8595,97.0,97.0,31.8007,29.0458,37.310500000000005,42.8203,32.719,31.8007,51.085,97.0,97.0,97.0,97.0,97.0,47.4118,97.0,97.0,97.0,97.0,97.0,97.0,97.0,97.0,97.0,97.0,97.0,97.0,97.0,97.0,89.6536,97.0,55.676500000000004,97.0,97.0,97.0,97.0,70.3693,52.921600000000005,45.5752,33.6373,97.0,97.0,83.2255,97.0,80.4706,97.0,74.0425,97.0,97.0,69.45100000000001,97.0,44.6569,29.0458,34.5556,35.4739,33.6373,30.882399999999997,97.0,97.0,97.0,97.0,97.0,97.0,97.0,97.0,38.2288,97.0,97.0,97.0,97.0,97.0,97.0,42.8203,97.0,97.0,97.0,97.0,97.0,97.0,97.0,97.0,97.0,97.0,80.4706,68.5327,97.0,97.0,97.0,97.0,52.0033,97.0,45.5752,97.0,97.0,97.0,82.30720000000001,62.104600000000005,97.0,97.0
