region1,region2,region3,region4,region5,region6,region7,region8,region9,region10,region11,region12,region13,region14,region15,region16,region17,region18,region19,region20,region21,region22,region23,region24,region25,region26,region27,region28,region29,region30,region31,region32,region33,region34,region35,region36,region37,region38,region39,region40,region41,region42,region43,region44,region45,region46,region47,region48,region49,region50,region51,region52,region53,region54,region55,region56,region57,region58,region59,region60,region61,region62,region63,region64,region65,region66,region67,region68,region69,region70,region71,region72,region73,region74,region75,region76,region77,region78,region79,region80,region81,region82,region83,region84,region85,region86,region87,region88,region89,region90,region91,region92,region93,region94,region95,region96,region97,region98,region99,region100
26.2909,27.209200000000003,28.127499999999998,28.127499999999998,28.127499999999998,29.0458,20.781100000000002,24.454300000000003,28.127499999999998,15.2713,19.8628,15.2713,14.353,21.699399999999997,25.3726,22.6177,16.1896,19.8628,19.8628,22.6177,23.536,18.944499999999998,22.6177,13.4347,18.944499999999998,23.536,23.536,25.3726,28.127499999999998,23.536,25.3726,22.6177,18.0262,23.536,23.536,26.2909,28.127499999999998,15.2713,14.353,19.8628,19.8628,25.3726,23.536,25.3726,25.3726,24.454300000000003,22.6177,25.3726,30.882399999999997,28.127499999999998,24.454300000000003,27.209200000000003,23.536,27.209200000000003,29.0458,29.964100000000002,25.3726,26.2909,14.353,16.1896,13.4347,5.17,9.7615,18.0262,18.944499999999998,24.454300000000003,22.6177,13.4347,21.699399999999997,22.6177,25.3726,18.944499999999998,19.8628,19.8628,10.6798,21.699399999999997,28.127499999999998,23.536,25.3726,20.781100000000002,16.1896,23.536,26.2909,21.699399999999997,21.699399999999997,21.699399999999997,28.127499999999998,25.3726,25.3726,20.781100000000002,15.2713,17.1079,15.2713,25.3726,22.6177,26.2909,24.454300000000003,24.454300000000003,30.882399999999997,29.964100000000002
