region1,region2,region3,region4,region5,region6,region7,region8,region9,region10,region11,region12,region13,region14,region15,region16,region17,region18,region19,region20,region21,region22,region23,region24,region25,region26,region27,region28,region29,region30,region31,region32,region33,region34,region35,region36,region37,region38,region39,region40,region41,region42,region43,region44,region45,region46,region47,region48,region49,region50,region51,region52,region53,region54,region55,region56,region57,region58,region59,region60,region61,region62,region63,region64,region65,region66,region67,region68,region69,region70,region71,region72,region73,region74,region75,region76,region77,region78,region79,region80,region81,region82,region83,region84,region85,region86,region87,region88,region89,region90,region91,region92,region93,region94,region95,region96,region97,region98,region99,region100
74.0425,42.8203,49.248400000000004,38.2288,34.5556,44.6569,43.738600000000005,40.065400000000004,40.065400000000004,54.7582,71.2876,70.3693,47.4118,43.738600000000005,64.8595,47.4118,40.9837,40.065400000000004,43.738600000000005,43.738600000000005,45.5752,89.6536,48.3301,45.5752,97.0,97.0,97.0,5.17,42.8203,97.0,97.0,97.0,54.7582,45.5752,97.0,40.9837,97.0,68.5327,53.8399,48.3301,42.8203,97.0,97.0,97.0,97.0,97.0,69.45100000000001,97.0,43.738600000000005,43.738600000000005,72.2059,46.493500000000004,47.4118,33.6373,41.902,42.8203,41.902,39.1471,53.8399,97.0,97.0,46.493500000000004,42.8203,44.6569,42.8203,66.6961,46.493500000000004,45.5752,45.5752,41.902,48.3301,84.1438,65.7778,50.1667,48.3301,97.0,44.6569,97.0,97.0,97.0,43.738600000000005,42.8203,97.0,97.0,94.24510000000001,85.9804,97.0,76.7974,40.9837,46.493500000000004,53.8399,97.0,52.0033,97.0,97.0,97.0,97.0,87.81700000000001,43.738600000000005,43.738600000000005
