region1,region2,region3,region4,region5,region6,region7,region8,region9,region10,region11,region12,region13,region14,region15,region16,region17,region18,region19,region20,region21,region22,region23,region24,region25,region26,region27,region28,region29,region30,region31,region32,region33,region34,region35,region36,region37,region38,region39,region40,region41,region42,region43,region44,region45,region46,region47,region48,region49,region50,region51,region52,region53,region54,region55,region56,region57,region58,region59,region60,region61,region62,region63,region64,region65,region66,region67,region68,region69,region70,region71,region72,region73,region74,region75,region76,region77,region78,region79,region80,region81,region82,region83,region84,region85,region86,region87,region88,region89,region90,region91,region92,region93,region94,region95,region96,region97,region98,region99,region100
46.493500000000004,49.248400000000004,48.3301,55.676500000000004,52.921600000000005,50.1667,47.4118,50.1667,52.921600000000005,42.8203,44.6569,40.9837,41.902,44.6569,46.493500000000004,46.493500000000004,42.8203,47.4118,46.493500000000004,48.3301,46.493500000000004,41.902,44.6569,43.738600000000005,42.8203,43.738600000000005,44.6569,47.4118,48.3301,44.6569,45.5752,44.6569,43.738600000000005,46.493500000000004,43.738600000000005,52.921600000000005,47.4118,41.902,42.8203,45.5752,47.4118,44.6569,43.738600000000005,46.493500000000004,45.5752,47.4118,42.8203,46.493500000000004,50.1667,49.248400000000004,46.493500000000004,49.248400000000004,47.4118,52.921600000000005,51.085,50.1667,50.1667,51.085,42.8203,42.8203,40.065400000000004,38.2288,40.065400000000004,44.6569,45.5752,46.493500000000004,48.3301,43.738600000000005,46.493500000000004,47.4118,47.4118,40.065400000000004,43.738600000000005,46.493500000000004,42.8203,41.902,48.3301,44.6569,45.5752,44.6569,45.5752,47.4118,43.738600000000005,40.9837,40.9837,41.902,47.4118,47.4118,49.248400000000004,48.3301,42.8203,40.9837,43.738600000000005,43.738600000000005,42.8203,46.493500000000004,47.4118,43.738600000000005,51.085,49.248400000000004
